{"cameraMode":{"drawMode":0,"name":"Shaded","section":"Shading Mode"},"sceneLighting":true,"audioPlay":false,"sceneViewState":{"m_AlwaysRefresh":false,"showFog":true,"showSkybox":true,"showFlares":true,"showImageEffects":true,"showParticleSystems":true,"showVisualEffectGraphs":true,"m_FxEnabled":true},"in2DMode":false,"pivot":{"x":0.7794311046600342,"y":1.3414983749389649,"z":-0.6222362518310547},"rotation":{"x":0.018038643524050714,"y":0.9691117405891419,"z":-0.07458384335041046,"w":0.23438718914985658},"size":2.190744161605835,"orthographic":false}