{"cameraMode":{"drawMode":0,"name":"Shaded","section":"Shading Mode"},"sceneLighting":true,"audioPlay":false,"sceneViewState":{"m_AlwaysRefresh":false,"showFog":true,"showSkybox":true,"showFlares":true,"showImageEffects":true,"showParticleSystems":true,"showVisualEffectGraphs":true,"m_FxEnabled":true},"in2DMode":false,"pivot":{"x":1.0168308019638062,"y":0.587617039680481,"z":-2.1446800231933595},"rotation":{"x":0.018038643524050714,"y":0.9691117405891419,"z":-0.07458384335041046,"w":0.23438718914985658},"size":2.3718504905700685,"orthographic":false}