{"cameraMode":{"drawMode":0,"name":"Shaded","section":"Shading Mode"},"sceneLighting":true,"audioPlay":false,"sceneViewState":{"m_AlwaysRefresh":false,"showFog":true,"showSkybox":true,"showFlares":true,"showImageEffects":true,"showParticleSystems":true,"showVisualEffectGraphs":true,"m_FxEnabled":true},"in2DMode":false,"pivot":{"x":1019.6493530273438,"y":642.6295776367188,"z":-4.02771520614624},"rotation":{"x":0.037491653114557269,"y":-0.001202780636958778,"z":0.00004480350253288634,"w":0.999298095703125},"size":731.8145141601563,"orthographic":true}