{"cameraMode":{"drawMode":0,"name":"Shaded","section":"Shading Mode"},"sceneLighting":true,"audioPlay":false,"sceneViewState":{"m_AlwaysRefresh":false,"showFog":true,"showSkybox":true,"showFlares":true,"showImageEffects":true,"showParticleSystems":true,"showVisualEffectGraphs":true,"m_FxEnabled":true},"in2DMode":false,"pivot":{"x":976.9612426757813,"y":544.13818359375,"z":8.584187507629395},"rotation":{"x":0.037491653114557269,"y":-0.001202780636958778,"z":0.00004480350253288634,"w":0.999298095703125},"size":829.5919189453125,"orthographic":true}